codigo,nombre,url
inicio,Mapa de los vuelos,https://negracuarenta.github.io/nido/
heidelberg,Heidelberg,https://negracuarenta.github.io/nido/lugares/heidelberg/
E1,Cataratas del Iguazú,https://negracuarenta.github.io/nido/lugares/e1-cataratas-del-iguazu/
E2,Pantanal,https://negracuarenta.github.io/nido/lugares/e2-pantanal/
E3,Amazonas,https://negracuarenta.github.io/nido/lugares/e3-amazonas/
E4,Lençóis Maranhenses,https://negracuarenta.github.io/nido/lugares/e4-lencois-maranhenses/
E5,Bonito,https://negracuarenta.github.io/nido/lugares/e5-bonito/
E6,Cachoeira da Fumaça,https://negracuarenta.github.io/nido/lugares/e6-cachoeira-da-fumaca/
E7,Delta del Paraná,https://negracuarenta.github.io/nido/lugares/e7-delta-del-parana/
E8,Fernando de Noronha,https://negracuarenta.github.io/nido/lugares/e8-fernando-de-noronha/
E9,Esteros del Iberá,https://negracuarenta.github.io/nido/lugares/e9-esteros-del-ibera/
E10,Bosque Atlántico,https://negracuarenta.github.io/nido/lugares/e10-bosque-atlantico/
S1,Antártida,https://negracuarenta.github.io/nido/lugares/s1-antartida/
S2,Islas Georgias del Sur,https://negracuarenta.github.io/nido/lugares/s2-islas-georgias-del-sur/
S3,Cordillera de los Andes,https://negracuarenta.github.io/nido/lugares/s3-cordillera-de-los-andes/
S4,Bosques de araucarias,https://negracuarenta.github.io/nido/lugares/s4-bosques-de-araucarias/
S5,Glaciar Perito Moreno,https://negracuarenta.github.io/nido/lugares/s5-glaciar-perito-moreno/
S6,Estepa patagónica,https://negracuarenta.github.io/nido/lugares/s6-estepa-patagonica/
S7,Península Valdés,https://negracuarenta.github.io/nido/lugares/s7-peninsula-valdes/
S8,Cataratas Victoria,https://negracuarenta.github.io/nido/lugares/s8-cataratas-victoria/
S9,Desierto del Namib,https://negracuarenta.github.io/nido/lugares/s9-desierto-del-namib/
S10,Delta del Okavango,https://negracuarenta.github.io/nido/lugares/s10-delta-del-okavango/
S11,Serengueti,https://negracuarenta.github.io/nido/lugares/s11-serengueti/
S12,Gran Barrera de Coral,https://negracuarenta.github.io/nido/lugares/s12-gran-barrera-de-coral/
S13,Shark Bay,https://negracuarenta.github.io/nido/lugares/s13-shark-bay/
S14,Selva de Daintree,https://negracuarenta.github.io/nido/lugares/s14-selva-de-daintree/
S15,Uluru,https://negracuarenta.github.io/nido/lugares/s15-uluru/
S16,Bosques andino-patagónicos,https://negracuarenta.github.io/nido/lugares/s16-bosques-andino-patagonicos/
S17,Sudeste australiano,https://negracuarenta.github.io/nido/lugares/s17-sudeste-australiano/
O1,El Chaltén,https://negracuarenta.github.io/nido/lugares/o1-el-chalten/
O2,Aconcagua,https://negracuarenta.github.io/nido/lugares/o2-aconcagua/
O3,Salinas Grandes,https://negracuarenta.github.io/nido/lugares/o3-salinas-grandes/
O4,Cerro de los Siete Colores,https://negracuarenta.github.io/nido/lugares/o4-cerro-de-los-siete-colores/
O5,Páramo de Sumapaz,https://negracuarenta.github.io/nido/lugares/o5-paramo-de-sumapaz/
O6,Laguna de Guatavita,https://negracuarenta.github.io/nido/lugares/o6-laguna-de-guatavita/
O7,Wirikuta,https://negracuarenta.github.io/nido/lugares/o7-wirikuta/
O8,Secuoyas gigantes,https://negracuarenta.github.io/nido/lugares/o8-secuoyas-gigantes/
